id;matricule;nom;prenom;email;adresse;phone_number;image;image_content_type
1;Pound c override;withdrawal plum Directeur;SQL Computers;Anstrudie_Dubois97@hotmail.fr;seamless navigating implement;hybrid input killer;../fake-data/blob/hipster.png;image/png
2;Lorraine Checking Personal;help-desk back;c;Blaise.Bernard@hotmail.fr;invoice analyzer withdrawal;Checking c;../fake-data/blob/hipster.png;image/png
3;a;Dominique;Account;Aveline.Roy@hotmail.fr;Peso;Checking;../fake-data/blob/hipster.png;image/png
4;Seine;deposit Electronics;initiatives Basse-Normandie open-source;Arsne_Denis@hotmail.fr;intuitive;parsing;../fake-data/blob/hipster.png;image/png
5;Avon;open-source;functionalities Shoes;Astride_Blanchard@gmail.com;Granite best-of-breed Bedfordshire;Auvergne;../fake-data/blob/hipster.png;image/png
6;directional content;Shoes;payment Loan;Zach_Rey23@yahoo.fr;Incredible Consultant;Kids b Bacon;../fake-data/blob/hipster.png;image/png
7;Barbade Avon;GB Ergonomic;optical Buckinghamshire interface;Aaron80@yahoo.fr;exuding invoice;redundant;../fake-data/blob/hipster.png;image/png
8;c;capacitor real-time Renminbi;full-range;Arcadie_Masson@yahoo.fr;Keyboard Auto leading-edge;connect generate withdrawal;../fake-data/blob/hipster.png;image/png
9;Specialiste;eyeballs copy;Organized Analyste plum;Adolphe67@yahoo.fr;invoice;6th Refined Yen;../fake-data/blob/hipster.png;image/png
10;green a programming;transparent Account Pakistan;Picardie;Mauricette.Roger7@yahoo.fr;Architecte Checking Practical;Burkina;../fake-data/blob/hipster.png;image/png
