id;matricule;nom;prenom;email;adresse;phone_number;salaire;image;image_content_type
1;innovative SMTP Garden;a;program Grands;Asceline.Schmitt67@hotmail.fr;24/7 Plastic Metical;Industrial Small;52947;../fake-data/blob/hipster.png;image/png
2;generate;frame;Borders reboot b;Antoine_Roger49@gmail.com;primary grid-enabled;Market;23667;../fake-data/blob/hipster.png;image/png
3;Uruguay la;withdrawal;Loan impactful THX;Ursule.Jacquet80@hotmail.fr;Books Computers;IB Du c;85803;../fake-data/blob/hipster.png;image/png
4;Venezuela;visualize ivory Nord-Pas-de-Calais;copy feed Loan;Cyrille.Dupont61@hotmail.fr;Lorraine;Refined connecting deposit;79036;../fake-data/blob/hipster.png;image/png
5;Computer;connecting Sleek Implemented;a Multi-channelled;Henriette.Charles@hotmail.fr;Account Intelligent;c Gorgeous Chair;39651;../fake-data/blob/hipster.png;image/png
6;1080p;Account open-source;Platinum transmitting;Amaryllis99@gmail.com;Granite;Intelligent RAM;49926;../fake-data/blob/hipster.png;image/png
7;Saint-Bernard clicks-and-mortar;Industrial;Wooden;Csaire_Meunier@hotmail.fr;cross-platform indexing Wooden;calculate array virtual;88076;../fake-data/blob/hipster.png;image/png
8;well-modulated proactive Loan;Intelligent Producteur orchid;clear-thinking;Fleur96@yahoo.fr;du invoice;quantify Alsace Steel;96055;../fake-data/blob/hipster.png;image/png
9;Belize Pizza Pizza;haptic;optimizing virtual;Julie25@yahoo.fr;fuchsia;transmitter Car overriding;29771;../fake-data/blob/hipster.png;image/png
10;Moldovan Singapore;a;visionary Unbranded;Rebecca91@hotmail.fr;Auto;Ergonomic;4598;../fake-data/blob/hipster.png;image/png
